"","causal_true_value","causal_estimate","causal_bias","causal_bias_proportion","causal_coverage","open_paths","blocked_paths","proportion_paths","empirical_SE","model_SE"
"fully_adjusted",0.5,0.5696267076818,0.0696267076817998,0.1392534153636,0.9,32,28,0.875,NA,0.0901023111941884
"unadjusted",0.5,1.64401079794647,1.14401079794647,2.28802159589294,0,32,0,0,NA,0.0649674242579227
"two_step_lasso",0.5,0.562660920867915,0.0626609208679149,0.12532184173583,0.9,32,25.6,0.8,NA,0.0876213308380857
"two_step_lasso_X",0.5,0.569175489065303,0.0691754890653033,0.138350978130607,0.9,32,27.6,0.8625,NA,0.0901782590842472
"two_step_lasso_union",0.5,0.569726614831418,0.0697266148314177,0.139453229662835,0.9,32,27.9,0.871875,NA,0.0900967387795987
