"","causal_true_value","causal_estimate","causal_bias","causal_bias_proportion","causal_coverage","open_paths","blocked_paths","proportion_paths","empirical_SE","model_SE"
"fully_adjusted",0.5,0.578443626824653,0.0784436268246534,0.156887253649307,1,32,28,0.875,NA,0.0887872908324839
"unadjusted",0.5,1.65911940759392,1.15911940759392,2.31823881518784,0,32,0,0,NA,0.0648297838574409
"two_step_lasso",0.5,0.575170095658189,0.0751700956581894,0.150340191316379,1,32,25.7,0.803125,NA,0.086608877112503
"two_step_lasso_X",0.5,0.578189640008032,0.0781896400080319,0.156379280016064,1,32,27.38,0.855625,NA,0.0888389195445085
"two_step_lasso_union",0.5,0.57847165910326,0.0784716591032602,0.15694331820652,1,32,27.94,0.873125,NA,0.0887856770890464
