"","causal_true_value","causal_estimate","causal_bias","causal_bias_proportion","causal_coverage","open_paths","blocked_paths","proportion_paths","empirical_SE","model_SE"
"fully_adjusted",0.5,0.567220576086187,0.067220576086187,0.134441152172374,0.5,32,28,0.875,NA,0.0398623583135755
"unadjusted",0.5,1.68264437459446,1.18264437459446,2.36528874918891,0,32,0,0,NA,0.0291233696028301
"two_step_lasso",0.5,0.566315449558814,0.0663154495588136,0.132630899117627,0.5,32,26.4,0.825,NA,0.039324256057919
"two_step_lasso_X",0.5,0.566819786187382,0.0668197861873822,0.133639572374764,0.5,32,27.9,0.871875,NA,0.0399197782460283
"two_step_lasso_union",0.5,0.567220576086187,0.0672205760861869,0.134441152172374,0.5,32,28,0.875,NA,0.0398623583135755
