"","causal_true_value","causal_estimate","causal_bias","causal_bias_proportion","causal_coverage","open_paths","blocked_paths","proportion_paths","empirical_SE","model_SE"
"fully_adjusted",0.5,0.572438753684336,0.0724387536843363,0.144877507368673,0.9,32,28,0.875,NA,0.0900918563024832
"unadjusted",0.5,1.64401079794647,1.14401079794647,2.28802159589294,0,32,0,0,NA,0.0649674242579227
"two_step_lasso",0.5,0.569027227293796,0.0690272272937958,0.138054454587592,0.9,32,26.6,0.83125,NA,0.0875962209858261
"two_step_lasso_X",0.5,0.571945253651566,0.0719452536515658,0.143890507303132,0.9,32,28.2,0.88125,NA,0.0901699345680178
"two_step_lasso_union",0.5,0.572533326100883,0.0725333261008831,0.145066652201766,0.9,32,28.9,0.903125,NA,0.0900862598907852
