"","causal_true_value","causal_estimate","causal_bias","causal_bias_proportion","causal_coverage","open_paths","blocked_paths","proportion_paths","empirical_SE","model_SE"
"fully_adjusted",0.5,0.570129592654984,0.0701295926549835,0.140259185309967,0.6,32,28,0.875,NA,0.0397726597721502
"unadjusted",0.5,1.68264437459446,1.18264437459446,2.36528874918891,0,32,0,0,NA,0.0291233696028301
"two_step_lasso",0.5,0.569038802547001,0.0690388025470013,0.138077605094003,0.6,32,26.4,0.825,NA,0.0392192469012547
"two_step_lasso_X",0.5,0.56968358013812,0.0696835801381201,0.13936716027624,0.6,32,27.8,0.86875,NA,0.039828701541593
"two_step_lasso_union",0.5,0.570129592654983,0.0701295926549833,0.140259185309967,0.6,32,28,0.875,NA,0.0397726597721502
