"","causal_true_value","causal_estimate","causal_bias","causal_bias_proportion","causal_coverage","open_paths","blocked_paths","proportion_paths","empirical_SE","model_SE"
"fully_adjusted",0.5,0.583331121834759,0.0833311218347593,0.166662243669519,0.96,32,28,0.875,NA,0.0888115391740207
"unadjusted",0.5,1.65911940759392,1.15911940759392,2.31823881518784,0,32,0,0,NA,0.0648297838574409
"two_step_lasso",0.5,0.580589552380706,0.0805895523807064,0.161179104761413,0.96,32,25.68,0.8025,NA,0.086669642490499
"two_step_lasso_X",0.5,0.583150154934211,0.0831501549342111,0.166300309868422,0.98,32,27.32,0.85375,NA,0.0888832098345104
"two_step_lasso_union",0.5,0.583374631908459,0.0833746319084587,0.166749263816917,0.96,32,27.92,0.8725,NA,0.0888086424909499
