"","causal_true_value","causal_estimate","causal_bias","causal_bias_proportion","causal_coverage","open_paths","blocked_paths","proportion_paths","empirical_SE","model_SE"
"fully_adjusted",0.5,0.574897519153314,0.0748975191533137,0.149795038306627,0.9,32,28,0.875,NA,0.0900032066379354
"unadjusted",0.5,1.64401079794647,1.14401079794647,2.28802159589294,0,32,0,0,NA,0.0649674242579227
"two_step_lasso",0.5,0.571353173668698,0.0713531736686982,0.142706347337396,0.9,32,25.7,0.803125,NA,0.0876476808246418
"two_step_lasso_X",0.5,0.574534304820903,0.0745343048209025,0.149068609641805,0.9,32,27.6,0.8625,NA,0.0900995845210256
"two_step_lasso_union",0.5,0.574897519153314,0.0748975191533137,0.149795038306627,0.9,32,28,0.875,NA,0.0900032066379354
