"","causal_true_value","causal_estimate","causal_bias","causal_bias_proportion","causal_coverage","open_paths","blocked_paths","proportion_paths","empirical_SE","model_SE"
"fully_adjusted",0.5,0.568497394202246,0.0684973942022464,0.136994788404493,0.9,32,28,0.875,NA,0.0901493605274266
"unadjusted",0.5,1.68264437459445,1.18264437459445,2.36528874918891,0,32,0,0,NA,0.065174015131015
"two_step_lasso",0.5,0.564721384548504,0.0647213845485036,0.129442769097007,0.9,32,24.8,0.775,NA,0.0876965856143556
"two_step_lasso_X",0.5,0.567706778749899,0.067706778749899,0.135413557499798,0.9,32,27.6,0.8625,NA,0.0903138486975026
"two_step_lasso_union",0.5,0.568494355940712,0.0684943559407116,0.136988711881423,0.9,32,27.8,0.86875,NA,0.0901396126030554
