"","causal_true_value","causal_estimate","causal_bias","causal_bias_proportion","causal_coverage","open_paths","blocked_paths","proportion_paths","empirical_SE","model_SE"
"fully_adjusted",0.5,0.570952112210084,0.0709521122100842,0.141904224420168,0.9,32,28,0.875,NA,0.0900350320365579
"unadjusted",0.5,1.64401079794647,1.14401079794647,2.28802159589294,0,32,0,0,NA,0.0649674242579227
"two_step_lasso",0.5,0.567654087825231,0.0676540878252306,0.135308175650461,0.9,32,26.6,0.83125,NA,0.0878602033967506
"two_step_lasso_X",0.5,0.570342634313096,0.0703426343130964,0.140685268626193,0.9,32,28,0.875,NA,0.090097569601424
"two_step_lasso_union",0.5,0.571044904900053,0.071044904900053,0.142089809800106,0.9,32,28.7,0.896875,NA,0.0900208247290921
