"","causal_true_value","causal_estimate","causal_bias","causal_bias_proportion","causal_coverage","open_paths","blocked_paths","proportion_paths","empirical_SE","model_SE"
"fully_adjusted",0.5,0.578615223062744,0.0786152230627442,0.157230446125488,1,32,28,0.875,NA,0.0886777927547059
"unadjusted",0.5,1.65911940759392,1.15911940759392,2.31823881518784,0,32,0,0,NA,0.0648297838574409
"two_step_lasso",0.5,0.575722513752785,0.0757225137527852,0.15144502750557,0.96,32,25.82,0.806875,NA,0.0867726750689583
"two_step_lasso_X",0.5,0.578350064275228,0.0783500642752279,0.156700128550456,1,32,27.22,0.850625,NA,0.0887205011553464
"two_step_lasso_union",0.5,0.578712915158451,0.0787129151584505,0.157425830316901,1,32,27.86,0.870625,NA,0.0886716808172465
