"","causal_true_value","causal_estimate","causal_bias","causal_bias_proportion","causal_coverage","open_paths","blocked_paths","proportion_paths","empirical_SE","model_SE"
"fully_adjusted",0.5,0.574338210077181,0.0743382100771807,0.148676420154361,0.9,32,28,0.875,NA,0.0900037788917149
"unadjusted",0.5,1.64401079794647,1.14401079794647,2.28802159589294,0,32,0,0,NA,0.0649674242579227
"two_step_lasso",0.5,0.57026311586784,0.0702631158678401,0.14052623173568,0.9,32,25.7,0.803125,NA,0.0876406800198908
"two_step_lasso_X",0.5,0.573851710371075,0.0738517103710753,0.147703420742151,0.9,32,27.6,0.8625,NA,0.0900827729855875
"two_step_lasso_union",0.5,0.574338210077181,0.0743382100771805,0.148676420154361,0.9,32,28,0.875,NA,0.0900037788917149
