"","causal_true_value","causal_estimate","causal_bias","causal_bias_proportion","causal_coverage","open_paths","blocked_paths","proportion_paths","empirical_SE","model_SE"
"fully_adjusted",0.5,0.534836650999124,0.0348366509991242,0.0696733019982485,1,32,28,0.875,NA,0.0885990871446849
"unadjusted",0.5,1.63207514766138,1.13207514766138,2.26415029532277,0,32,0,0,NA,0.0634023349312208
"two_step_lasso",0.5,0.533956313940942,0.0339563139409416,0.0679126278818832,1,32,26.1,0.815625,NA,0.0865877547720175
"two_step_lasso_X",0.5,0.533508235597653,0.0335082355976531,0.0670164711953063,1,32,26.8,0.8375,NA,0.0889499683672609
"two_step_lasso_union",0.5,0.534936719382293,0.0349367193822935,0.069873438764587,1,32,27.8,0.86875,NA,0.0885887629210719
