"","causal_true_value","causal_estimate","causal_bias","causal_bias_proportion","causal_coverage","open_paths","blocked_paths","proportion_paths","empirical_SE","model_SE"
"fully_adjusted",0.5,0.61052001011953,0.11052001011953,0.221040020239059,0.5,32,28,0.875,NA,0.0545413285600195
"unadjusted",0.5,1.65041863631443,1.15041863631443,2.30083727262885,0,32,0,0,NA,0.0395745914505716
"two_step_lasso",0.5,0.610374655139646,0.110374655139646,0.220749310279292,0.5,32,27.7,0.865625,NA,0.0544363650590036
"two_step_lasso_X",0.5,0.610529374760336,0.110529374760336,0.221058749520672,0.5,32,27.9,0.871875,NA,0.0545901758059255
"two_step_lasso_union",0.5,0.61052001011953,0.11052001011953,0.22104002023906,0.5,32,28,0.875,NA,0.0545413285600195
