"","causal_true_value","causal_estimate","causal_bias","causal_bias_proportion","causal_coverage","open_paths","blocked_paths","proportion_paths","empirical_SE","model_SE"
"fully_adjusted",0.5,0.582894407844358,0.0828944078443583,0.165788815688717,0.1,32,28,0.875,NA,0.0276674346019492
"unadjusted",0.5,1.66283994635767,1.16283994635767,2.32567989271534,0,32,0,0,NA,0.0202446428769122
"two_step_lasso",0.5,0.582894407844358,0.0828944078443583,0.165788815688717,0.1,32,28,0.875,NA,0.0276674346019492
"two_step_lasso_X",0.5,0.582894407844358,0.0828944078443583,0.165788815688717,0.1,32,28,0.875,NA,0.0276674346019492
"two_step_lasso_union",0.5,0.582894407844358,0.0828944078443583,0.165788815688717,0.1,32,28,0.875,NA,0.0276674346019492
