"","causal_true_value","causal_estimate","causal_bias","causal_bias_proportion","causal_coverage","open_paths","blocked_paths","proportion_paths","empirical_SE","model_SE"
"fully_adjusted",0.5,0.573197692908209,0.0731976929082085,0.146395385816417,0.9,32,28,0.875,NA,0.0900117189620733
"unadjusted",0.5,1.64351870142579,1.14351870142579,2.28703740285159,0,32,0,0,NA,0.0649361964380579
"two_step_lasso",0.5,0.570285612072788,0.0702856120727876,0.140571224145575,0.9,32,25.8,0.80625,NA,0.0878387588907149
"two_step_lasso_X",0.5,0.572742848240451,0.0727428482404509,0.145485696480902,0.9,32,27.6,0.8625,NA,0.0900845145966574
"two_step_lasso_union",0.5,0.573300545819313,0.0733005458193127,0.146601091638625,0.9,32,27.9,0.871875,NA,0.0900061195550894
