"","causal_true_value","causal_estimate","causal_bias","causal_bias_proportion","causal_coverage","open_paths","blocked_paths","proportion_paths","empirical_SE","model_SE"
"fully_adjusted",0.5,0.574240977297586,0.0742409772975857,0.148481954595171,0.9,32,28,0.875,NA,0.0899803677545423
"unadjusted",0.5,1.64341630000353,1.14341630000353,2.28683260000706,0,32,0,0,NA,0.0649374677106355
"two_step_lasso",0.5,0.571348463872972,0.0713484638729718,0.142696927745944,0.9,32,25.9,0.809375,NA,0.0875826764887497
"two_step_lasso_X",0.5,0.57379755554697,0.0737975555469697,0.147595111093939,0.9,32,27.5,0.859375,NA,0.0900515708315979
"two_step_lasso_union",0.5,0.574345013293959,0.074345013293959,0.148690026587918,0.9,32,27.9,0.871875,NA,0.0899747086441487
