"","causal_true_value","causal_estimate","causal_bias","causal_bias_proportion","causal_coverage","open_paths","blocked_paths","proportion_paths","empirical_SE","model_SE"
"fully_adjusted",0.5,0.569043280424756,0.0690432804247556,0.138086560849511,0.9,32,28,0.875,NA,0.0901122713399688
"unadjusted",0.5,1.64373707613201,1.14373707613201,2.28747415226403,0,32,0,0,NA,0.0649716362321328
"two_step_lasso",0.5,0.562088360605653,0.0620883606056533,0.124176721211307,0.9,32,25.6,0.8,NA,0.0876311237000037
"two_step_lasso_X",0.5,0.568477163019484,0.0684771630194845,0.136954326038969,0.9,32,27.7,0.865625,NA,0.0901912192921587
"two_step_lasso_union",0.5,0.569043280424756,0.0690432804247556,0.138086560849511,0.9,32,28,0.875,NA,0.0901122713399688
