"","causal_true_value","causal_estimate","causal_bias","causal_bias_proportion","causal_coverage","open_paths","blocked_paths","proportion_paths","empirical_SE","model_SE"
"fully_adjusted",0.5,0.619025757569289,0.119025757569289,0.238051515138578,0.4,32,28,0.875,NA,0.0544937968136426
"unadjusted",0.5,1.6486618179682,1.1486618179682,2.2973236359364,0,32,0,0,NA,0.0396744314216845
"two_step_lasso",0.5,0.619021370677466,0.119021370677466,0.238042741354932,0.4,32,27.8,0.86875,NA,0.0543699110555188
"two_step_lasso_X",0.5,0.61860011124528,0.11860011124528,0.23720022249056,0.4,32,27.8,0.86875,NA,0.0545337612642533
"two_step_lasso_union",0.5,0.619025757569289,0.119025757569289,0.238051515138578,0.4,32,28,0.875,NA,0.0544937968136426
