"","causal_true_value","causal_estimate","causal_bias","causal_bias_proportion","causal_coverage","open_paths","blocked_paths","proportion_paths","empirical_SE","model_SE"
"fully_adjusted",0.5,0.578673563933769,0.078673563933769,0.157347127867538,0.2,32,28,0.875,NA,0.0382396325432231
"unadjusted",0.5,1.65178597919879,1.15178597919879,2.30357195839759,0,32,0,0,NA,0.0281848019618599
"two_step_lasso",0.5,0.57852377693706,0.0785237769370601,0.15704755387412,0.2,32,27.7,0.865625,NA,0.0381555270870974
"two_step_lasso_X",0.5,0.578673563933769,0.078673563933769,0.157347127867538,0.2,32,28,0.875,NA,0.0382396325432231
"two_step_lasso_union",0.5,0.578673563933769,0.0786735639337691,0.157347127867538,0.2,32,28,0.875,NA,0.0382396325432231
