"","causal_true_value","causal_estimate","causal_bias","causal_bias_proportion","causal_coverage","open_paths","blocked_paths","proportion_paths","empirical_SE","model_SE"
"fully_adjusted",0.5,0.538257090399793,0.038257090399793,0.076514180799586,1,32,28,0.875,NA,0.0886270298257232
"unadjusted",0.5,1.63207514766138,1.13207514766138,2.26415029532277,0,32,0,0,NA,0.0634023349312208
"two_step_lasso",0.5,0.536458343786997,0.0364583437869966,0.0729166875739933,1,32,27.7,0.865625,NA,0.0866560020358738
"two_step_lasso_X",0.5,0.536222226000762,0.0362222260007623,0.0724444520015247,1,32,27.9,0.871875,NA,0.0891397926927908
"two_step_lasso_union",0.5,0.538365297999913,0.0383652979999126,0.0767305959998253,1,32,29.7,0.928125,NA,0.0886131002752281
