"","causal_true_value","causal_estimate","causal_bias","causal_bias_proportion","causal_coverage","open_paths","blocked_paths","proportion_paths","empirical_SE","model_SE"
"fully_adjusted",0.5,0.591344274507932,0.0913442745079325,0.182688549015865,0.9,32,28,0.875,NA,0.0546121352374976
"unadjusted",0.5,1.64926805615888,1.14926805615888,2.29853611231775,0,32,0,0,NA,0.0395500535501008
"two_step_lasso",0.5,0.591186706741252,0.0911867067412516,0.182373413482503,0.9,32,27.5,0.859375,NA,0.0542923729175848
