"","causal_true_value","causal_estimate","causal_bias","causal_bias_proportion","causal_coverage","open_paths","blocked_paths","proportion_paths","empirical_SE","model_SE"
"fully_adjusted",0.5,0.538277584604228,0.038277584604228,0.0765551692084561,1,32,28,0.875,NA,0.088672588355986
"unadjusted",0.5,1.63207514766138,1.13207514766138,2.26415029532277,0,32,0,0,NA,0.0634023349312208
"two_step_lasso",0.5,0.537271767836874,0.0372717678368743,0.0745435356737486,1,32,27.1,0.846875,NA,0.0862866717847734
"two_step_lasso_X",0.5,0.5372829833688,0.0372829833687997,0.0745659667375994,1,32,27.9,0.871875,NA,0.0890210838357135
"two_step_lasso_union",0.5,0.538328999767738,0.0383289997677383,0.0766579995354767,1,32,29.6,0.925,NA,0.0886546051928374
