"","causal_true_value","causal_estimate","causal_bias","causal_bias_proportion","causal_coverage","open_paths","blocked_paths","proportion_paths","empirical_SE","model_SE"
"fully_adjusted",0.5,0.58123344125848,0.0812334412584796,0.162466882516959,0.5,32,28,0.875,NA,0.0384101593643174
"unadjusted",0.5,1.65725051947403,1.15725051947403,2.31450103894807,0,32,0,0,NA,0.0282337631224208
"two_step_lasso",0.5,0.581209922589382,0.0812099225893816,0.162419845178763,0.5,32,27.9,0.871875,NA,0.0384045285853587
"two_step_lasso_X",0.5,0.58123344125848,0.0812334412584796,0.162466882516959,0.5,32,28,0.875,NA,0.0384101593643174
"two_step_lasso_union",0.5,0.58123344125848,0.0812334412584796,0.162466882516959,0.5,32,28,0.875,NA,0.0384101593643174
