"","causal_true_value","causal_estimate","causal_bias","causal_bias_proportion","causal_coverage","open_paths","blocked_paths","proportion_paths","empirical_SE","model_SE"
"fully_adjusted",0.5,0.604189440145095,0.104189440145095,0.208378880290191,0.2,32,28,0.875,NA,0.0390966096293272
"unadjusted",0.5,1.65838047574826,1.15838047574826,2.31676095149652,0,32,0,0,NA,0.0285283562499622
"two_step_lasso",0.5,0.604189440145095,0.104189440145095,0.208378880290191,0.2,32,28,0.875,NA,0.0390966096293272
"two_step_lasso_X",0.5,0.604189440145095,0.104189440145095,0.208378880290191,0.2,32,28,0.875,NA,0.0390966096293272
"two_step_lasso_union",0.5,0.604189440145095,0.104189440145095,0.208378880290191,0.2,32,28,0.875,NA,0.0390966096293272
